<?xml version="1.0" encoding="UTF-8"?>
<project-private xmlns="http://www.netbeans.org/ns/project-private/1">
    <editor-bookmarks xmlns="http://www.netbeans.org/ns/editor-bookmarks/2" lastBookmarkId="0"/>
    <open-files xmlns="http://www.netbeans.org/ns/projectui-open-files/2">
        <group>
            <file>file:/var/www/html/bank/app/Http/Controllers/AccountController.php</file>
            <file>file:/var/www/html/bank/app/Account.php</file>
            <file>file:/var/www/html/bank/app/Transaction.php</file>
            <file>file:/var/www/html/bank/app/Http/Controllers/TransactionController.php</file>
            <file>file:/var/www/html/bank/routes/api.php</file>
        </group>
    </open-files>
</project-private>
